0,1
在没,greet
在么,greet
在嘛,greet
在吗,greet
有人么,greet
有人吗,greet
有人不,greet
下午好,greet
喂,greet
人呢,greet
人嗯,greet
亲在吗,greet
亲,greet
您好亲,greet
您好,greet
你好在吗,greet
你好我想问一下,greet
你好亲,greet
你好,greet
美女,greet
zaima,greet
yourenma,greet
hi,greet
hello,greet
nihao,greet
真麻烦你了,apology
所以打扰了,apology
麻烦您了,apology
麻烦你了,apology
不好意思哦,apology
不好意思,apology
真是搞笑,complain
这不是理由,complain
你们很不诚信,complain
你了解的有吗,complain
没看到信息啊,complain
嗯蛮贵,complain
tks,thankyou
感谢,thankyou
好吧谢谢啦,thankyou
好的谢谢,thankyou
好的谢谢啦,thankyou
好的谢谢你,thankyou
好的谢谢你哈,thankyou
好的谢谢你啦,thankyou
好谢谢,thankyou
好谢谢谢谢,thankyou
合作愉快,thankyou
哦哦谢谢,thankyou
谢了,thankyou
谢谢,thankyou
谢谢啊,thankyou
谢谢你了,thankyou
谢谢您,thankyou
谢谢亲,thankyou
不懂,confused
不是太了解,confused
不太懂,confused
还是怎么回事啊,confused
哪里啊,confused
请问这话啥意思,confused
啥意思,confused
啥意思啊,confused
什么意思,confused
是什么意思呢,confused
我不太懂,confused
咋回事,confused
这什么意思,confused
怎么回事啊,confused
怎么选呢,confused
这个怎么选,confused
这里选什么,confused
帮忙看下哈,doublecheck
帮我看一下,doublecheck
帮我确认一下,doublecheck
不能弄一下吗,doublecheck
都是杭州的吧,doublecheck
对吧,doublecheck
对吗,doublecheck
行吧,doublecheck
好了你看看,doublecheck
看到吗,doublecheck
看得到么,doublecheck
可以吧,doublecheck
可以吗,doublecheck
可以么,doublecheck
可以转吗,doublecheck
没事吧,doublecheck
那我们需要把钱转到你们帐户是吗,doublecheck
你看看,doublecheck
你们看看,doublecheck
你们提供吗,doublecheck
你们再确认一下,doublecheck
你那里能看到吗,doublecheck
你这边看一下,doublecheck
您看下,doublecheck
您看一下,doublecheck
您是说我的,doublecheck
拍下就可以了么,doublecheck
确定是这个月哦,doublecheck
如果可以,doublecheck
上个月还是两个,doublecheck
社保还是按上月一样拍就可以吧,doublecheck
是吧,doublecheck
是不是不行啊,doublecheck
是不是就可以了,doublecheck
是社保和公积金要各付40服务费嘛,doublecheck
所以我先拍吗,doublecheck
这个吗,doublecheck
这样不行吗,doublecheck
这样可以了吗,doublecheck
直接拍就行了,doublecheck
直接拍下吗,doublecheck
ok好了我联系你,get_back_later
付好告诉你哈,get_back_later
好的我去问问,get_back_later
好我先确认下,get_back_later
尽快回复你,get_back_later
那我明天操作吧,get_back_later
我考虑一下,get_back_later
我明天上午办理,get_back_later
我明天早上填吧,get_back_later
我去问问我有个朋友要不要补缴,get_back_later
我先了解一下,get_back_later
我再看看,get_back_later
我再试试,get_back_later
真的有效吗,question_reliability
你们是正规的吗,question_reliability
这种代缴没有什么问题吧,question_reliability
你们这靠谱吗,question_reliability
你们这个靠谱吧我同事有两个也想办一个月的,question_reliability
怎么办,ask_how_now
我怎么办呢,ask_how_now
我上面要怎么办,ask_how_now
那什么办啊,ask_how_now
163是什么,question_why
19377那个直接付款吗,question_why
302是啥,question_why
40为啥三个,question_why
你的意思还是要社保和公积金都在你这里一起交是吧,question_why
验证码在哪,question_why
什么是个税记录,question_why
为啥,question_why
为啥是今天,question_why
为什么,question_why
验证码是什么,question_why
[表情]付完了一个,inform_done
7月份社保公积金已拍,inform_done
都支付过了,inform_done
付好了,inform_done
付好钱了,inform_done
付了,inform_done
付完了,inform_done
公积金收到了,inform_done
会不会突然停交了呢,inform_done
交了,inform_done
缴吧缴吧我拍了,inform_done
拍好了,inform_done
拍了,inform_done
拍下了,inform_done
钱付过了,inform_done
社保交了,inform_done
四十我拍了,inform_done
提交成功,inform_done
提交成功了,inform_done
提交好了,inform_done
提交了,inform_done
填好,inform_done
填好了谢谢你,inform_done
填完了,inform_done
我按照你发的拍,inform_done
我把钱付了,inform_done
我付款了,inform_done
我付完款了,inform_done
我交五险一金,inform_done
我拍好了,inform_done
我拍了,inform_done
我提交好了,inform_done
我提交了,inform_done
我提交完毕,inform_done
我下单了,inform_done
我已经付了,inform_done
信息提交了,inform_done
信息填好了,inform_done
信息已经填完了,inform_done
已付,inform_done
已付费,inform_done
已付款,inform_done
已经付款了,inform_done
已经购买请帮忙缴费,inform_done
已经好了,inform_done
已经全部付了,inform_done
已经支付,inform_done
已拍,inform_done
已填写好,inform_done
这个月社保公积金以及服务费用已经缴纳,inform_done
支付好了,inform_done
之前在市区交的,inform_payment_history
之前有账户,inform_payment_history
之前我补一月,inform_payment_history
之前缴过的,inform_payment_history
之前交综合保险,inform_payment_history
之前交的,inform_payment_history
之前公司有交的,inform_payment_history
在嵊州办过,inform_payment_history
以前缴过,inform_payment_history
一直在杭州的,inform_payment_history
一直没交过,inform_payment_history
我在上海有社保,inform_payment_history
我上次补几月,inform_payment_history
我没有开过户的,inform_payment_history
市区交了几个月,inform_payment_history
三月没交,inform_payment_history
交过啊,inform_payment_history
交过,inform_payment_history
公司给交过了,inform_payment_history
不是首次参保,inform_payment_history
不是首次,inform_payment_history
5月的公司已经给我交了,inform_payment_history
[表情]好,affirm
15月有,affirm
3290这个貌似是,affirm
5月有,affirm
ok,affirm
ok不影响就好,affirm
OK了都,affirm
啊,affirm
嗷嗷,affirm
嗷嗷懂了,affirm
都可以,affirm
对,affirm
对啊,affirm
对的,affirm
对的呢,affirm
对的上海的,affirm
对了,affirm
对之前一直在苏州,affirm
额,affirm
额好,affirm
恩,affirm
恩好的,affirm
恩呢,affirm
够的,affirm
哈哈哈哈好的,affirm
行,affirm
行吧尽量快点哦,affirm
好,affirm
好吧,affirm
好哒,affirm
好的,affirm
好的[emoji],affirm
好的好的,affirm
好的亲,affirm
好滴,affirm
好了,affirm
好了哦,affirm
好那,affirm
好哦,affirm
就补交9月份,affirm
就是,affirm
就这个,affirm
就这样,affirm
居住证有的,affirm
看到了,affirm
可以,affirm
可以的,affirm
可以了,affirm
了解,affirm
了解了,affirm
理解,affirm
俩账户都有,affirm
没错,affirm
没问题,affirm
明白,affirm
明白了,affirm
明白了的,affirm
那好,affirm
那就办吧,affirm
那就这样,affirm
那没事,affirm
嗯,affirm
嗯啊,affirm
嗯咯,affirm
嗯好,affirm
嗯好稍等,affirm
嗯肯定的,affirm
嗯呢,affirm
嗯嗯,affirm
嗯嗯好的,affirm
嗯嗯是的,affirm
哦,affirm
哦对,affirm
哦好的,affirm
哦哦,affirm
哦哦好的,affirm
哦哦哦,affirm
是,affirm
是的,affirm
是这样的,affirm
收费可以,affirm
搜好了,affirm
我有,affirm
我知道,affirm
我最低就可以,affirm
先这样吧不改了,affirm
需要的,affirm
要,affirm
要的,affirm
以前可以,affirm
已经付好啦,affirm
有,affirm
有的,affirm
知道的,affirm
知道了,affirm
直接拍,affirm
做啊,affirm
现在不行,deny
忘了,deny
哦基本用不上,deny
没有交,deny
没有,deny
不用啊,deny
不是,deny
不买,deny
不会,deny
不行,deny
不对了,deny
不对啊,deny
不,deny
别这样,deny
5月没有,deny
这样就算了,deny
这个就算了,deny
要不能补算了,deny
我就只能算了,deny
算了吧,deny
算啦,deny
我没有验证码,deny
我没工行银行卡,deny
58那个进不去,report_issue
一直进不去,report_issue
都没收到,report_issue
最高的吧,no_intent
准备续签居住证了,no_intent
朱嘉佑,no_intent
重新拍了,no_intent
直接淘宝付款吗,no_intent
只需要五险,no_intent
只发工行,no_intent
正规的,no_intent
这个月缴纳啦你看一下,no_intent
这个月的款已经付,no_intent
这个月不用交了,no_intent
这个日期,no_intent
长沙,no_intent
怎么发信息说要停缴了呐,no_intent
在上海,no_intent
在杭州,no_intent
月底交,no_intent
园区的,no_intent
有发票提供吗,no_intent
医保卡什么时候可以使用,no_intent
一个月时间,no_intent
一个月,no_intent
续了哦,no_intent
现在拍,no_intent
五月的,no_intent
我正常缴费,no_intent
我来拍,no_intent
我看到你们会提供截图的什么时候会有呢,no_intent
王成银,no_intent
算这个月交的吗,no_intent
苏州联系地址,no_intent
苏州,no_intent
四月的,no_intent
四月,no_intent
最低基数,no_intent
社保编号,no_intent
上海户籍,no_intent
上海的,no_intent
上海,no_intent
山海,no_intent
全部的,no_intent
企业社保,no_intent
你们自己的公司,no_intent
你们属于人力资源公司吗,no_intent
那我准备付款了,no_intent
那我入职日期填什么,no_intent
那我拍了,no_intent
那加上公积金的话是多少钱,no_intent
昆山的,no_intent
可以只交个人部分吗,no_intent
可以两地同时缴纳吗,no_intent
可以出合同吗,no_intent
就交一个月,no_intent
杭州,no_intent
还受,no_intent
广州,no_intent
公司,no_intent
公积金,no_intent
高新南区没有,no_intent
改价我现在付款,no_intent
费用已付注意查收,no_intent
初中,no_intent
成都,no_intent
不需要重新开户,no_intent
北京,no_intent
54岁,no_intent
5月份的,no_intent
5月的我拍下,no_intent
5月,no_intent
4月几号,no_intent
4月份的,no_intent
4月,no_intent
2月份的,no_intent
18621321922手机,no_intent
1856啊,no_intent
1.20E+20,no_intent
市区也行,no_intent
上海的以前没交过,no_intent
[表情]不知道的可以不写吗,complicated
[表情]还要分开啊,complicated
[表情]可能会交不上是吧,complicated
[表情]那活不到60呢,complicated
[图片]单月是这个吗,complicated
1年之内这个业务是暂停的是吧,complicated
10月份开始给我缴纳,complicated
10月公司可以交的,complicated
10月开始,complicated
1000可以贷50万吗,complicated
120元是怎么回事,complicated
120656包括哪些费用,complicated
120656是每月费用吗,complicated
15号之前下单都可以交是吧,complicated
234这几个月的比例能不能给我下,complicated
23的基数是多少4月的是多少,complicated
2000多吧,complicated
3500的,complicated
3500觉,complicated
39735那个是什么呀,complicated
4月的不是你们帮我缴纳的嘛,complicated
4月份邮箱有通知,complicated
4月离职了,complicated
40的拍5份是吧,complicated
5月份的你们这边还是会交吧,complicated
5月份的现在下单吗,complicated
5月份公司会交但是我马上辞职了6月份开始社保就要断了,complicated
5月开始社保费用下调了,complicated
6月份可以补交到2018年11月份的社保吗,complicated
7号之后,complicated
7月底刚办完深户，准备申请入户补贴，应该缴哪一档的社保,complicated
7月以后退吗,complicated
70每月乘12个月,complicated
840呀怎么是130601了,complicated
9月26日入职,complicated
9月份参保的话参保信息提交的截止时间是,complicated
9月截止了,complicated
nono最晚26,complicated
办日本签证,complicated
必须是现金对吧,complicated
不能中断,complicated
不说是查询晚啊,complicated
不要工资个税,complicated
补交和正常交有什么区别,complicated
差价那个链接,complicated
承诺人王贞,complicated
单独交生育险,complicated
但是不能断,complicated
但是还没更新,complicated
调整到多少了,complicated
多少个月,complicated
费用怎么算的,complicated
封存了,complicated
刚离职不想断,complicated
给你们不搭嘎的,complicated
公积金断了,complicated
公积金有点用吗,complicated
公司帮忙交,complicated
公司帮我交了,complicated
工资呢,complicated
还得重新交吗,complicated
还能改吗,complicated
还是必须裸的,complicated
还是只买一份,complicated
和社保卡吗,complicated
后来休息一年,complicated
户籍就是户口,complicated
花呗算信用卡么,complicated
黄孟琪的继续缴,complicated
基数怎么填写,complicated
积分之后再说,complicated
缴费基数填什么,complicated
今天刚离职,complicated
今天看还是停缴,complicated
就去柜台去啦,complicated
居住证代办吗,complicated
居住证咋弄,complicated
可以代办吗,complicated
老人也不行是么,complicated
离职日期,complicated
六月就停缴,complicated
六月中旬才开始,complicated
麻烦通过下,complicated
没去更新过,complicated
没有劳动合同吗,complicated
没有其他办法吗,complicated
明天可以吗,complicated
目前封存不了,complicated
那就没办法了吗,complicated
那能有合同吗,complicated
那我换家吧,complicated
那现在要填什么,complicated
那最多能贷多少,complicated
能办理社保转移吗,complicated
能领多长时间,complicated
你觉得有必要吗,complicated
你没说不能调啊,complicated
你们试一下嘛,complicated
你这边有渠道吗,complicated
亲请问你们之前有帮回国留学生缴社保吗,complicated
如果还是不行,complicated
入职日期填什么,complicated
上班呢,complicated
上家刚转出来,complicated
社保是变高了吗,complicated
社保有医保卡,complicated
社保涨了是吗,complicated
生育金还没发,complicated
是否可以转社保,complicated
是因为稽查严了,complicated
所以才考虑苏州,complicated
所以需要转移,complicated
她补三四,complicated
同事补三四,complicated
同事也需要,complicated
退完我再拍,complicated
外地不让补了,complicated
外地的能交吧,complicated
外地没有工作,complicated
外地人,complicated
为什么涨价了,complicated
我不能断交,complicated
我才三年,complicated
我的服务费到期了,complicated
我还能续上吗,complicated
我那边才好交,complicated
我怕是补缴,complicated
我现在离职状态,complicated
我想问下，这个广州社保的生育报销是什么，代缴的社保也能享受吗,complicated
我要找别家代缴,complicated
我一直上海工作,complicated
我已经入住,complicated
我已经重新拍了,complicated
我原来提交过,complicated
我找到工作了,complicated
我找人注册一下,complicated
我这个月失业,complicated
我这种情况,complicated
我准备在单位离职.中间有大概两个月不交社保这里可以代缴吗,complicated
无语了你们,complicated
五月的一个月,complicated
下个月我再办卡,complicated
现在付款给你,complicated
现在离职了,complicated
现在是交几月的,complicated
现在是欠费状态,complicated
现在要怎么完成,complicated
相城区也是吗,complicated
小城镇保险,complicated
写上月吧,complicated
新公司需要,complicated
信息表给我,complicated
需要停的对吗,complicated
续交呢,complicated
学历文化程度,complicated
学校要看,complicated
验证码,complicated
验证码给我吓,complicated
要连续,complicated
要验证码,complicated
也没查到,complicated
也是老客户,complicated
一般写哪天,complicated
一月未缴费,complicated
已经减掉了,complicated
银行卡的照片,complicated
用社保卡,complicated
有必要交最高吗,complicated
有对比参照吗,complicated
有客户这么做吗,complicated
有什么区别吗,complicated
在别家做了,complicated
在哪里找,complicated
怎么登陆,complicated
怎么调基,complicated
怎么看有没暂停,complicated
怎么算出来的,complicated
找别家,complicated
这边公司要转入,complicated
之前跟你聊过的,complicated
直接问第三方,complicated
职业填啥,complicated
只能交锦江区吗,complicated
只是额度受影响,complicated
只做当月,complicated
中间空一个月,complicated
住院可以报销吗,complicated
转回河南郑州,complicated
资料已经完成了,complicated
综合保险,complicated
作假的那种,complicated
能提取公积金吗,unsupported_request
公积金提取能做吗,unsupported_request
你家无锡有代缴嘛,unsupported_request
公积金套现可以嘛,unsupported_request
可以提取公积金吗,unsupported_request
提取公积金可以嘛,unsupported_request
这里可以提取公积金嘛,unsupported_request
你们公司的名字是什么,query_company_name
公司名字是啥,query_company_name
缴纳得公司名称是什么,query_company_name
怎么找小程序,query_mini_program
小程序怎么开呢,query_mini_program
小程序怎么开,query_mini_program
小程序,query_mini_program
什么微信小程序,query_mini_program
电话号码是多少,query_phone
方便电话吗,query_phone
方便电话咨询下吗,query_phone
给我你们的电话,query_phone
可以电话联系下吗,query_phone
可以电话咨询吗,query_phone
你电话多少,query_phone
你好单位有固定电话嘛,query_phone
你好这边咨询电话是多少啊,query_phone
你们有电话么,query_phone
你有电话么我电话跟你说下比较清楚,query_phone
你这边电话给我一个,query_phone
亲你们这边有电话咨询吗,query_phone
手机号码,query_phone
我想电话咨询,query_phone
有电话可以直接沟通吗,query_phone
有电话吗,query_phone
有没有电话我明天给你们客服打电话吧,query_phone
有咨询电话嘛,query_phone
你们有微信吗,query_weixin
可以加微信吗,query_weixin
加微信可以吗,query_weixin
有微信吗,query_weixin
补缴跟按时缴有啥区别吗,query_topup
补交是怎样的,query_topup
补交跟按时交有什么差别,query_topup
社保补缴啥意思,query_topup
预调基费什么意思,yutiaojishu
可以后付吗,ask_can_pay_later
我刷卡没事吧,can_use_card
如果我五月有新公司入职你这边还要操作么,check_requirements_employee
是58同城么我找不到58社保那个,contact_us
怎么退,ask_for_refund
怎么拿钱,ask_for_refund
那我先退了吧,ask_for_refund
那你们先退,ask_for_refund
可以退吗,ask_for_refund
帮我退款吧,ask_for_refund
您吧退款处理下,ask_for_refund
[表情]怎么退,ask_for_refund
45月的240的预调基的钱什么时候才可以退,ask_for_refund
请问如果五月份我找到工作了不用你们代缴了社保和公积金是你们直接封存,ask_for_refund
4月的社保交了吗,ask_shebao_status
4月份的社保和公积金已经缴纳了吧,ask_shebao_status
5月几号可以查询,ask_shebao_status
帮我交了吗,ask_shebao_status
公积金交了吗,ask_shebao_status
交好了吗,ask_shebao_status
那我八月份呢,ask_shebao_status
麻烦问下社保公积金交了没,ask_shebao_status
你好五月份时侯输的社保交了吧,ask_shebao_status
你好五月份石后书的社保交了吧,ask_shebao_status
你们可以看到成功了吗,ask_shebao_status
请不要停缴，我明天中午去缴,ask_shebao_status
请问公积金有帮我转出吗,ask_shebao_status
请问我的缴公积金基数是多少，我忘记了,ask_shebao_status
请问我的缴公积金基数是多少我忘记了,ask_shebao_status
我的公积金封存了吗,ask_shebao_status
我的公积金交好了吗,ask_shebao_status
我的公积金转出了吗,ask_shebao_status
我的社保交了吗,ask_shebao_status
我订单进度是这样的应该没有什么问题吧,ask_shebao_status
我想看下账单明细,ask_shebao_status
我这个月需要交多少钱,ask_shebao_status
有缴费明细吗,ask_shebao_status
有具体的明细吗,ask_shebao_status
这边我的缴上了吗,ask_shebao_status
转出了吗,ask_shebao_status
11月10号之前能查询到吗,query_when_check_shebao_status
5月的什么时候能查到,query_when_check_shebao_status
6月什么时候能查到成功缴费信息呢,query_when_check_shebao_status
几号能查到,query_when_check_shebao_status
三月什么时候可以查到,query_when_check_shebao_status
社保什么时候可以查到账情况,query_when_check_shebao_status
什么时候可以查询到,query_when_check_shebao_status
什么时候能查到,query_when_check_shebao_status
现在可以查询吗,query_when_check_shebao_status
要多久能查到,query_when_check_shebao_status
怎么查询呢,query_how_check_shebao_status
在哪能查到,query_how_check_shebao_status
在哪里能查到,query_how_check_shebao_status
我怎么查询,query_how_check_shebao_status
网上可以查询吗,query_how_check_shebao_status
怎么查询,query_how_check_shebao_status
如何查询,query_how_check_shebao_status
你好我在哪里查询社保金额是否已经到账呢,query_how_check_shebao_status
缴纳可以查看记录吗,query_how_check_shebao_status
查询社保资格,query_how_check_shebao_status
查询缴纳,query_how_check_shebao_status
社保怎么查,query_how_check_shebao_status
社保如何查询,query_how_check_shebao_status
我的社保之前一直在你们这里交的我想换个旺旺ID缴纳行不行啊,change_wangwang_id
如果下个月还找你们也是一样40对吧,will_fee_be_same
长沙社保代缴怎么收费,ask_month_fee_total
大概多少钱,ask_month_fee_total
代缴杭州社保怎么收费,ask_month_fee_total
代缴社保费用,ask_month_fee_total
代缴社保费用是怎么收费的呀,ask_month_fee_total
多少钱,ask_month_fee_total
多少钱了,ask_month_fee_total
费用和材料,ask_month_fee_total
费用是多少,ask_month_fee_total
公积金最低队少,ask_month_fee_total
公积金最低多少,ask_month_fee_total
就是一个月交多少钱呢,ask_month_fee_total
俩一起多少,ask_month_fee_total
聊城社保代缴一年多钱,ask_month_fee_total
每个月缴费多少,ask_month_fee_total
那我最终是要交多少,ask_month_fee_total
你好贵店代缴长沙社保每个月缴多少,ask_month_fee_total
你好问一下7900的基数公积金代缴是付多少,ask_month_fee_total
您好五险一金服务费怎么收,ask_month_fee_total
请问成都代缴社保多少钱,ask_month_fee_total
请问一个月多少钱,ask_month_fee_total
上海多少,ask_month_fee_total
上海这边社保公积金代缴要怎么收费呢,ask_month_fee_total
社保多少一个月,ask_month_fee_total
社保加公积金上海的一个月差不多要多少,ask_month_fee_total
社保加公积金我每个月要交多少钱,ask_month_fee_total
社保这块什么费用怀孕了没社保,ask_month_fee_total
社保最低档多少钱,ask_month_fee_total
是怎么收费的呀,ask_month_fee_total
手续费多少,ask_month_fee_total
现在一个月最低是多少钱,ask_month_fee_total
需要缴纳多少钱,ask_month_fee_total
要付多少钱,ask_month_fee_total
一个月是多少,ask_month_fee_total
一个月是多少钱的,ask_month_fee_total
一共多少钱,ask_month_fee_total
这个社保公积金一共多少钱,ask_month_fee_total
这月社保多少,ask_month_fee_total
总共多少钱,ask_month_fee_total
总计多少钱,ask_month_fee_total
最低的额度是多少,ask_month_fee_total
社保那个钱是具体怎么计算的呢,ask_month_fee_total
代理费多少,service_fee
多少手续费我补给你,service_fee
服务费多少,service_fee
服务费多少钱,service_fee
服务费五险一金多少,service_fee
社保公积金一起做收多少服务费啊,service_fee
缴费基数是多少,jishu
缴纳基数呢,jishu
社保和公积金基数是,jishu
时间呢,query_pay_deadline
5月份杭州社保今天能交么,query_pay_deadline
五月可以交吗,query_pay_deadline
五月还能缴吗,query_pay_deadline
本月已经晚了吧,query_pay_deadline
5月份的还能交吗,query_pay_deadline
5月份的不能交吗,query_pay_deadline
今年6月份的还能补缴的吧,query_pay_deadline
最晚什么时候下单,query_pay_deadline
这个月上海的社保还能代缴吗,query_pay_deadline
来得及吧,query_pay_deadline
需要缴纳五月份社保和公积金最迟几号提交,query_pay_deadline
还来的及吗,query_pay_deadline
还可以补缴6月的吗,query_pay_deadline
现在能汇缴么,query_pay_deadline
现在还能补么,query_pay_deadline
社保还可以交吗,query_pay_deadline
现在来不及了,query_pay_deadline
5月的五险现在可以缴纳吗,query_pay_deadline
4月份还能缴么,query_pay_deadline
四月的要五月初缴纳吧,query_pay_deadline
怎么收费呢,query_pay_process
怎么交,query_pay_process
怎么付钱,query_pay_process
怎么付款,query_pay_process
怎么操作,query_pay_process
怎么办理呢,query_pay_process
怎么办理,query_pay_process
我需要做什么,query_pay_process
如何付费,query_pay_process
去那里交,query_pay_process
那我怎么下单,query_pay_process
那我怎么办理,query_pay_process
流程再给我下,query_pay_process
流程是什么,query_pay_process
流程是,query_pay_process
流程,query_pay_process
还是要怎么交,query_pay_process
付款怎么操做呢,query_pay_process
费用怎么走,query_pay_process
费用怎么收取,query_pay_process
参保流程,query_pay_process
比例怎么缴费的,query_pay_process
怎么下单,query_pay_process
先下单对吧,query_pay_process
你们帮我交流程是什么样的,query_pay_process
只缴纳养老可以吗,query_pay_part_only
可以只交医保吗,query_pay_part_only
可以只交养老吗,query_pay_part_only
可以只交3险吗,query_pay_part_only
只交养老可以吗,query_pay_part_only
只交3险可以吗,query_pay_part_only
只交医保可以吗,query_pay_part_only
只要交医保,query_pay_part_only
只要交养老,query_pay_part_only
有服务费啊,query_have_service_fee
服务费有吗,query_have_service_fee
不加服务费的吧,query_have_service_fee
可以一月一交吗,query_payment_schedule
一般几号,ask_turnaround_time
要多久呢,ask_turnaround_time
什么时候可以搞,ask_turnaround_time
什么时候搞好,ask_turnaround_time
今天缴什么时候能在系统看到,ask_turnaround_time
几号可以转出来,ask_turnaround_time
然后怎么弄呢,next_step
然后呢,next_step
然后,next_step
拍下后,next_step
接着呢,next_step
接下来呢,next_step
有明细没亲,ask_for_details
怎么操作么,ask_procedure
怎么拍,how_to_pai
在淘宝拍么,how_to_pai
续保怎么拍,how_to_pai
我怎么拍,how_to_pai
是在淘宝在拍吗,how_to_pai
是不是在淘宝拍,how_to_pai
接下来怎么拍,how_to_pai
怎么拍5个呢,how_to_pai
直接拍么,how_to_pai
现在拍吧,how_to_pai
每个都要拍吗,how_to_pai
好的直接拍吗,how_to_pai
现在汇缴怎么拍,how_to_pai
30号不办不行么,check_can_dun_ban
怎么提交资料的,query_req_resources
要什么资料吗,query_req_resources
要哪些材料,query_req_resources
需要我提供什东西吗,query_req_resources
需要提供什么资料吗,query_req_resources
需要什么资料,query_req_resources
需要什么信息,query_req_resources
需要什么吗,query_req_resources
需要啥材料,query_req_resources
需要啥,query_req_resources
需要哪些资料,query_req_resources
是要什么么,query_req_resources
缺什么,query_req_resources
那要什么交,query_req_resources
那我应该提供些什么材料,query_req_resources
好需要提供啥,query_req_resources
还需要其他的么,query_req_resources
都需要我准备什么,query_req_resources
不出具资料,query_req_resources
必须工行卡吗,query_req_resources
什么时候需要资料呀,query_req_resources
交上海社保要什么资料,query_req_resources
都需要什么资料,query_req_resources
都需要什么资料啊,query_req_resources
需要提供什么资料,query_req_resources
我要准备什么资料么,query_req_resources
要啥材料吗,query_req_resources
都需要提供给你什么资料,query_req_resources
需要提交哪些资料,query_req_resources
几号之前需要提交资料,query_req_resources
只交社保需要我提供给你什么,query_req_resources
我要准备什么资料么,query_req_resources
优惠吗,ask_discount
给我做减员了吗,ask_discount
不买公积金,explore_option
不交公积金,explore_option
园区呢,explore_option
一金呢,explore_option
要是加上社保,explore_option
相城区呢,explore_option
我没交金,explore_option
我不需要公积金,explore_option
社保呢,explore_option
社保不交,explore_option
上海的呢,explore_option
那公积金呢,explore_option
没有社保呢,explore_option
没交社保,explore_option
公积金呢,explore_option
不缴社保呢,explore_option
不缴社保,explore_option
不交社保呢,explore_option
不交社保,explore_option
不交公积金呢,explore_option
改个价谢谢,explore_option
只交社保多少钱,explore_option
只交五险多钱少,explore_option
你们可以开发票吗,ask_kai_piao
可以开发票吗,ask_kai_piao
可以发票吗,ask_kai_piao
开发票可以吗,ask_kai_piao
发票可以吗,ask_kai_piao
链接,request_link
可拍了吗,request_link
给我链接,request_link
哦给个链接,request_link
拍哪个链接呢,request_link
能给个链接吗,request_link
长沙二套房首付是多少知道吗,query_housing
影响买房吗,query_housing
因为我马上要买房会有什么影响,query_housing
想咨询下本人想在长沙购房本人户口是湖南常德因为限购需要先缴纳社保2年连续的想问要怎么去办理和缴费呢,query_housing
我问一下，在你们这边代缴公积金，后面想办公积金贷款的话怎么操作呢,query_housing
我目的是为了买苏州全区的房子,query_housing
你好在吗想问一下我姐姐长沙的房子赠送给我但我不是长沙户口这种可以吗,query_housing
买房呢,query_housing
房屋中介能缴,query_housing
发送缴纳通知,query_housing
补缴对孩子上学和买房有影响吗,query_housing
会不会影响买房,query_housing
不影响买房吧,query_housing
比如购房,query_housing
我想交两个地方的社保行吗,query_multiple_locations
你好就是我现在要从上海离职去北京就是你们这边可以帮忙续交上海社保是吧,query_multiple_locations
可以交不同地区的社保吗,query_multiple_locations
能同时交两地吗,query_multiple_locations
需要劳动手册么,laodong
怀孕了社保是怎么样,query_pregnant
现在怀孕四个月之前上海社保已经交满一年交到生产当月可以领生育津贴吗,query_pregnant
怀孕可以交社保吗,query_pregnant
你们代缴社保后期可以领取生育津贴吗,query_pregnant
这个有啥影响么,query_various_effects
社保影响吗,query_various_effects
社保断缴有什么影响吗,query_various_effects
那有什么影响吗,query_various_effects
公积金断缴有影响吗,query_various_effects
公积金断缴会有什么问题吗断几个月,query_various_effects
不影响吧,query_various_effects
对于孩子上学有影响吗,query_various_effects
这个跟后面小孩子上学有冲突嘛,query_various_effects
7月底刚办完深户准备申请入户补贴应该缴哪一档的社保,query_various_effects
社保断缴会有什么问题吗,query_various_effects
包括生育险没有,query_shebao_components
能帮忙介绍下吗,query_shebao_components
社保包含什么,query_shebao_components
社保包括医疗保险吗,query_shebao_components
社保代缴是五险都包含的吧,query_shebao_components
社保哪几种,query_shebao_components
社保主要包括什么的,query_shebao_components
五险一金里面含公积金吗,query_shebao_components
这个代缴有包括医疗吗,query_shebao_components
五险一金都有吗,query_wxyj_included
补缴6月的,ask_can_topup
补缴费用一样,ask_can_topup
补缴是这样的吗,ask_can_topup
补三月,ask_can_topup
断了的可以补吗,ask_can_topup
公积金补缴,ask_can_topup
公积金贷款认可补缴吗,ask_can_topup
公积金可以补吗,ask_can_topup
公积金怎么补,ask_can_topup
可以补交公积金吗,ask_can_topup
可以补交社保吗,ask_can_topup
可以补缴社保吗,ask_can_topup
可以补吗,ask_can_topup
可以补么,ask_can_topup
可以交补充公积金吗,ask_can_topup
可以这样补缴么,ask_can_topup
那我能补缴吗,ask_can_topup
能补交上吗,ask_can_topup
你好社保你这能补交吗,ask_can_topup
你们可以补交几个月呢,ask_can_topup
请问上海社保能补缴吗,ask_can_topup
上海的社保可以补交吗,ask_can_topup
上海社保可以补缴吗,ask_can_topup
上海社保能补缴吗,ask_can_topup
社保补缴,ask_can_topup
社保可以补交吗,ask_can_topup
所以想先补缴,ask_can_topup
我补三月,ask_can_topup
我可以补缴社保吗,ask_can_topup
我要补缴社保,ask_can_topup
五险可以补交么,ask_can_topup
需要补缴社保,ask_can_topup
要补缴社保,ask_can_topup
怎么补啊,ask_can_topup
能补缴吗,ask_can_topup
可以补缴吗,ask_can_topup
5000基数能贷到上限吗,daikuan
就贷款,daikuan
公积金可以贷款,daikuan
公积金贷款额度,daikuan
贷款是连续6个月就好对吧,daikuan
贷款方便,daikuan
贷款,daikuan
不影响贷款吧,daikuan
公积金贷款,daikuan
我这边要调整公积金基数,ask_amt_gongjijin
这里可以落户吗,luohu
应届毕业生落户是怎么办理的,luohu
想落户苏州,luohu
我是应届生落户,luohu
为了落户苏州,luohu
太仓落户,luohu
你们可以办理落户吗,luohu
能办理积分落户吗,luohu
落户上海需要什么材料,luohu
落户,luohu
留学生落户怎么个流程,luohu
可以苏州落户吗,luohu
可以办留学生落户吗,luohu
可以办理落户吗,luohu
想直接在苏州开户,luohu
我就是为了苏州落户,luohu
落户办理吗,luohu
想落户,luohu
能办理落户嘛,luohu
我想给我妈交税,pay_shui
我想补个税,pay_shui
请问可以补个税吗,pay_shui
可以光交税么,pay_shui
会代缴税吗,pay_shui
补个税怎么收费,pay_shui
我想交税可以吗,pay_shui
这里可以交税嘛,pay_shui
可以补税吗,pay_shui
可以补税不,pay_shui
最低的额度，是多少,purchase
只有这一两个月代缴有影响吗,purchase
只能一起交吗,purchase
只买社保,purchase
只交社保可以吧,purchase
只交社保,purchase
只交公积金,purchase
怎么缴纳社保的,purchase
在苏州还可以交社保吗,purchase
园区的可以交吗,purchase
有闲林这边的社保吗,purchase
有闲林的吗,purchase
要交社保可以吗,purchase
要交社保,purchase
要交上海社保可以吗,purchase
要交上海社保,purchase
要交杭州社保可以吗,purchase
要交杭州社保,purchase
要交广州社保可以吗,purchase
要交广州社保,purchase
要交成都社保可以吗,purchase
要交成都社保,purchase
要交北京社保可以吗,purchase
要交北京社保,purchase
要付社保,purchase
需要缴纳社保,purchase
需要缴纳,purchase
需要交社保,purchase
需要付社保,purchase
需要代缴从5月开始两三个月,purchase
需要代缴,purchase
想在广州教社保,purchase
想在广州交社保,purchase
想问下上海社保的情况,purchase
想问下杭州社保的情况,purchase
想问下从你们这边办社保公积金是怎么弄的,purchase
相城区可以交的吗,purchase
相城区的可以交吗,purchase
现在想交,purchase
五险一金都可以缴纳是吗,purchase
五险一金,purchase
我准备在单位离职中间有大概两个月不交社保这里可以代缴吗,purchase
我只缴公积金,purchase
我在上海能代缴吗,purchase
我要怎么缴5月份的社保呢,purchase
我要缴纳社保,purchase
我要交杭州社保,purchase
我要付社保,purchase
我需要交公积金,purchase
我想问这边可以办理单位接收代缴社保吗,purchase
我想问下这个广州社保的生育报销是什么代缴的社保也能享受吗,purchase
我想问问我在北京交社保,purchase
我想缴社保,purchase
我现在想缴纳4月的,purchase
我问一下在你们这边代缴公积金后面想办公积金贷款的话怎么操作呢,purchase
我是要申请贷款但是公司交付到4月5月20号左右就退出了需要代缴5月的公积金不能断,purchase
维洛代缴的,purchase
苏州市的五险一金公司的可以代缴吗,purchase
苏州的可以代缴吗,purchase
是不是需要代缴,purchase
是按照哪个标准来缴纳的啊,purchase
社保怎么缴纳,purchase
社保一共交满几年,purchase
社保可以交吗,purchase
社保就行,purchase
社保缴纳,purchase
社保和公积金这个月能代缴的吧,purchase
社保还是不可以交吗,purchase
社保公积金呢,purchase
社保公积金,purchase
社保单位有交,purchase
社保代缴吗,purchase
社保不想断可以在你这里交吗,purchase
社保+公积金,purchase
社保,purchase
上海生育保险要缴纳多久,purchase
上海社保可以交吗,purchase
上海社保公积金代缴怎么办理收费,purchase
上海社保,purchase
请问可以开吗,purchase
请问可以挂公司代缴吗,purchase
请问可以代缴上海社保吗,purchase
请问可以帮忙交社保公积金把广州的,purchase
请问杭州公积金代缴是吧,purchase
请问代缴社保的小程序里入职时间怎么填,purchase
您好我这个月离职下个月才能在新的公司上班这个月的五险一金能不能帮我代缴避免社保中断影响买房呢,purchase
您好我这边在办离职手续HR那边需要我填一个公积金的处理方式如果我后续准备在你们这边办理代缴的话是选封存吗,purchase
您好我想咨询一下上海代缴五险一金,purchase
您好我想咨询一下代缴五险一金,purchase
你这可以代缴杭州五险一金是吗,purchase
你们是以什么单位代缴的,purchase
你可以帮忙代交社保是吗,purchase
你好我想代缴社保成都,purchase
你好请问如果选择你们代缴上海社保你们是以哪家公司名义缴纳,purchase
你好可以代缴杭州西湖区的吗,purchase
那要怎么交,purchase
那我需要交社保,purchase
那就单纯社保吧,purchase
老板能代缴湖南省直社保吗,purchase
可以单独缴纳社保吗,purchase
可以只交社保吗,purchase
可以交社保不,purchase
可以代缴昆山社保吗,purchase
交社保主要为了以后娃娃读书可以吧,purchase
交社保可以吗,purchase
交社保,purchase
交上海社保可以吗,purchase
交上海社保,purchase
交杭州社保可以吗,purchase
交杭州社保,purchase
交广州社保可以吗,purchase
交广州社保,purchase
交工资加社保,purchase
交成都社保可以吗,purchase
交成都社保,purchase
交北京社保可以吗,purchase
交北京社保,purchase
杭州社保可以交吗,purchase
杭州5月份社保能代缴吗,purchase
广州社保可以交吗,purchase
光缴纳公积金可以吗,purchase
光交公积金,purchase
公积金也能交吗,purchase
公积金交吗,purchase
代缴是怎么代缴的,purchase
代缴社保,purchase
代缴期间我能用医保卡买药吗,purchase
代缴包括公司部分和个人部分吗,purchase
代缴,purchase
成都社保可以交吗,purchase
长沙社保怎么交的,purchase
北京社保可以交吗,purchase
按最低交,purchase
按最低的交,purchase
按最低的,purchase
5月社保和公积金,purchase
5月份社保公积金,purchase
5月份社保,purchase
4月份的要开始买,purchase
4月的公司会帮忙缴纳五月份的找你们代缴的,purchase
你好，我这边是杭州的，想问下从你们这边办社保公积金是怎么弄的,purchase
上海社保公积金代缴怎么办理收费,purchase
你这可以代缴杭州五险一金是吗,purchase
苏州市区社保,purchase
那残章金呢,query_canzhangjin
残章金,query_canzhangjin
残章金是怎么算,query_canzhangjin
没了,deny
没有了,deny
不要,deny